Date,Name,Activity_Type,Activity_ID,Distance_km,Moving_Time_min,Elapsed_Time_min,Average_HR,Max_HR,Average_Pace,Average_Speed_kmh,Max_Speed_kmh,Elevation_Gain,Elevation_Loss,Calories,Average_Cadence,Max_Cadence,Average_Watts,Max_Watts,Relative_Effort,Suffer_Score,Weather_Temperature,Weather_Humidity,Wind_Speed
2023-09-14,Evening Run,Run,9849484754,5.99,31.2,31.8,,,5:13,11.49,21.18,6.3,,,,,,,,,,,
2023-09-26,Evening Weight Training,WeightTraining,9926238542,,33.8,33.8,,,,,,0,,,,,,,,,,,
2023-09-27,Evening Weight Training,WeightTraining,9932672708,,39.5,39.5,,,,,,0,,,,,,,,,,,
2023-09-30,Besiberri sud - 3.023,Hike,9953340873,14.59,53.6,668.7,,,3:41,16.32,61.63,1478.7,,,54.8,,,,,,,,
2023-10-01,Lunch Hike,Hike,9955746947,5.75,108.0,189.2,,,18:47,3.19,22.94,264.0,,,51.8,,,,,,,,
2023-10-02,Evening Ride,Ride,9964162971,,45.6,45.6,,,,,,0,,,,,,,,,,,
2023-10-03,Afternoon Swim,Swim,9969351312,1.23,36.7,45.7,,,29:58,2.0,8.19,0,,,,,,,,,,,
2023-10-04,Afternoon Weight Training,WeightTraining,9975283586,,77.1,77.1,,,,,,0,,,,,,,,,,,
2023-10-04,Evening Run,Run,9977101376,5.0,27.0,27.1,,,5:24,11.12,19.2,0.0,,,84.1,,,,,,,,
2023-10-05,Afternoon Swim,Swim,9981996621,0.75,18.5,19.1,,,24:41,2.43,6.0,0,,,,,,,,,,,
2023-10-08,Lunch Run,Run,9999094711,6.5,36.8,36.8,,,5:40,10.59,27.36,0.0,,,85.1,,,,,,,,
2023-10-09,Afternoon Weight Training,WeightTraining,10006171239,,60.7,60.7,,,,,,0,,,,,,,,,,,
2023-10-09,Evening Ride,Ride,10008365851,,50.4,50.4,,,,,,0,,,,,,,,,,,
2023-10-10,Afternoon Swim,Swim,10012912936,1.02,29.7,39.9,,,29:00,2.07,8.19,0,,,,,,,,,,,
2023-10-11,Afternoon Weight Training,WeightTraining,10019762700,,70.6,70.6,,,,,,0,,,,,,,,,,,
2023-10-11,Afternoon Swim,Swim,10019773772,0.75,22.7,22.7,,,30:15,1.98,11.25,0,,,,,,,,,,,
2023-10-12,Morning Run,Run,10023194449,6.01,35.7,35.9,,,5:57,10.1,21.6,48.0,,,84.0,,,,,,,,
2023-10-15,Evening Run,Run,10045491903,7.17,39.3,39.8,,,5:29,10.94,27.36,46.0,,,84.2,,,,,,,,
2023-10-16,Afternoon Weight Training,WeightTraining,10049296796,,69.5,69.5,,,,,,0,,,,,,,,,,,
2023-10-16,Evening Ride,Ride,10050993581,,51.4,51.4,,,,,,0,,,,,,,,,,,
2023-10-17,Afternoon Swim,Swim,10055432024,1.42,34.7,46.0,,,24:23,2.46,8.19,0,,,,,,,,,,,
2023-10-18,Afternoon Weight Training,WeightTraining,10061492033,,60.2,60.2,,,,,,0,,,,,,,,,,,
2023-10-18,Evening Run,Run,10063168246,7.73,42.6,44.0,,,5:31,10.88,30.06,46.0,,,84.3,,,,,,,,
2023-10-19,Afternoon Swim,Swim,10067298344,0.75,27.9,30.9,,,37:08,1.62,6.43,0,,,52.0,,,,,,,,
2023-10-20,Morning Run,Run,10070834924,8.1,45.5,46.6,,,5:37,10.68,41.76,54.0,,,84.7,,,,,,,,
2023-10-22,Lunch Run,Run,10083481113,9.37,53.5,53.5,,,5:42,10.51,17.04,0.0,,,86.1,,,,,,,,
2023-10-23,Afternoon Weight Training,WeightTraining,10090271594,,71.2,71.2,,,,,,0,,,,,,,,,,,
2023-10-23,Evening Ride,Ride,10091984056,,44.6,44.6,,,,,,0,,,,,,,,,,,
2023-10-24,Afternoon Swim,Swim,10096574928,1.52,50.1,56.3,,,32:51,1.83,8.19,0,,,,,,,,,,,
2023-10-25,Morning Run,Run,10100121313,3.04,14.9,15.8,,,4:54,12.23,28.08,4.0,,,86.8,,,,,,,,
2023-10-25,Afternoon Weight Training,WeightTraining,10102537434,,82.1,82.1,,,,,,0,,,,,,,,,,,
2023-10-26,Afternoon Swim,Swim,10108128150,0.75,25.5,25.5,,,33:59,1.77,6.25,0,,,,,,,,,,,
2023-10-28,Afternoon Ride,Ride,10120450457,,95.4,95.4,,,,,,0,,,,,,,,,,,
2023-10-29,Morning Hike,Hike,10125525284,8.12,127.0,212.1,,,15:39,3.83,28.8,101.0,,,52.1,,,,,,,,
2023-10-30,Afternoon Weight Training,WeightTraining,10131393623,,90.0,90.0,,,,,,0,,,,,,,,,,,
2023-10-30,Night Ride,Ride,10132473978,,34.8,34.8,,,,,,0,,,,,,,,,,,
2023-10-31,Afternoon Swim,Swim,10137059090,1.1,37.6,42.8,,,34:10,1.76,6.0,0,,,,,,,,,,,
2023-11-01,Evening Run,Run,10143935502,10.02,52.6,53.6,,,5:15,11.43,35.28,83.0,,,85.2,,,,,,,,
2023-11-02,Afternoon Swim,Swim,10148389782,0.42,14.5,14.5,,,34:05,1.76,11.25,0,,,,,,,,,,,
2023-11-03,Morning Run,Run,10151584541,9.97,55.2,59.1,,,5:32,10.84,33.84,112.0,,,85.0,,,,,,,,
2023-11-03,Afternoon Weight Training,WeightTraining,10154161256,,88.2,88.2,,,,,,0,,,,,,,,,,,
2023-11-05,Afternoon Run,Run,10164749233,10.07,54.8,56.1,,,5:26,11.03,33.84,117.0,,,85.5,,,,,,,,
2023-11-06,Afternoon Weight Training,WeightTraining,10171128710,,76.2,76.2,119.7,151.0,,,,0,,,,,,,,,,,
2023-11-06,Night Ride,Ride,10172623395,,45.1,45.1,163.9,191.0,,,,0,,,,,,,,,,,
2023-11-07,Afternoon Swim,Swim,10177299751,0.95,35.2,44.3,143.9,212.0,37:04,1.62,12.62,0,,,,,,,,,,,
2023-11-08,Afternoon Run,Run,10182556346,9.93,64.8,69.7,164.9,193.0,6:32,9.19,25.92,248.0,,,82.3,,,,,,,,
2023-11-09,Afternoon Swim,Swim,10188965378,1.4,29.4,31.0,195.8,218.0,21:01,2.85,6.43,0,,,,,,,,,,,
2023-11-10,Afternoon Weight Training,WeightTraining,10194943081,,113.6,113.6,111.0,154.0,,,,0,,,,,,,,,,,
2023-11-13,Afternoon Weight Training,WeightTraining,10211769088,,70.1,70.1,111.2,151.0,,,,0,,,,,,,,,,,
2023-11-14,Afternoon Swim,Swim,10217513150,1.8,35.0,44.2,144.5,217.0,19:27,3.09,6.0,0,,,,,,,,,,,
2023-11-15,Afternoon Weight Training,WeightTraining,10223424026,,70.6,70.6,121.2,148.0,,,,0,,,,,,,,,,,
2023-11-16,Afternoon Swim,Swim,10229188522,1.15,30.1,30.4,204.2,220.0,26:12,2.29,8.58,0,,,,,,,,,,,
2023-11-17,Afternoon Weight Training,WeightTraining,10235066608,,67.1,67.1,117.4,152.0,,,,0,,,,,,,,,,,
2023-11-20,Afternoon Weight Training,WeightTraining,10251621245,,74.8,74.8,117.5,153.0,,,,0,,,,,,,,,,,
2023-11-21,Afternoon Swim,Swim,10257510504,2.2,41.8,51.1,168.3,218.0,18:60,3.16,7.5,0,,,,,,,,,,,
2023-11-23,Afternoon Swim,Swim,10268693979,1.55,30.7,30.8,148.8,195.0,19:50,3.03,7.83,0,,,,,,,,,,,
2023-11-24,Afternoon Weight Training,WeightTraining,10274325437,,74.2,74.2,121.9,162.0,,,,0,,,,,,,,,,,
2023-11-26,Lunch Run,Run,10284299555,9.01,53.0,53.0,170.0,182.0,5:53,10.21,21.02,3.0,,,83.0,,,,,,,,
2023-11-27,Afternoon Weight Training,WeightTraining,10290179422,,63.7,63.7,113.5,142.0,,,,0,,,,,,,,,,,
2023-11-28,Afternoon Swim,Swim,10295999916,2.55,46.0,53.6,151.7,217.0,18:01,3.33,7.5,0,,,,,,,,,,,
2023-11-29,Afternoon Weight Training,WeightTraining,10301487214,,71.9,71.9,120.0,161.0,,,,0,,,,,,,,,,,
2023-12-01,Afternoon Weight Training,WeightTraining,10311955779,,104.3,104.3,117.1,170.0,,,,0,,,,,,,,,,,
2023-12-03,Lunch Run,Run,10321710325,8.58,49.9,50.1,175.6,188.0,5:49,10.32,20.88,4.0,,,84.0,,,,,,,,
2023-12-04,Afternoon Swim,Swim,10327598368,1.85,42.1,43.3,203.8,218.0,22:45,2.64,6.43,0,,,,,,,,,,,
2023-12-06,Lunch Weight Training,WeightTraining,10336703525,,67.7,67.7,111.9,162.0,,,,0,,,,,,,,,,,
2023-12-11,Afternoon Weight Training,WeightTraining,10363706548,,58.4,58.4,117.1,163.0,,,,0,,,,,,,,,,,
2023-12-12,Afternoon Swim,Swim,10369276358,1.8,35.0,41.2,152.4,217.0,19:26,3.09,6.21,0,,,,,,,,,,,
2023-12-13,Afternoon Weight Training,WeightTraining,10374897602,,112.2,112.2,114.3,156.0,,,,0,,,,,,,,,,,
2023-12-14,Afternoon Swim,Swim,10379478529,2.45,40.2,42.5,195.9,218.0,16:26,3.65,7.2,0,,,,,,,,,,,
2023-12-15,Afternoon Weight Training,WeightTraining,10385155622,,74.9,74.9,119.6,159.0,,,,0,,,,,,,,,,,
2023-12-17,Lunch Run,Run,10394388831,9.22,54.1,57.6,177.0,190.0,5:52,10.21,28.08,6.0,,,84.6,,,,,,,,
2023-12-18,Afternoon Weight Training,WeightTraining,10400638502,,47.5,47.5,109.8,141.0,,,,0,,,,,,,,,,,
2023-12-19,Afternoon Swim,Swim,10405283922,2.9,46.9,61.6,159.3,219.0,16:11,3.71,7.5,0,,,,,,,,,,,
2023-12-20,Afternoon Weight Training,WeightTraining,10410384469,,78.1,78.1,118.4,166.0,,,,0,,,,,,,,,,,
2023-12-21,Afternoon Swim,Swim,10415148891,2.15,40.2,43.1,,,18:41,3.21,7.5,0,,,,,,,,,,,
2023-12-22,Afternoon Weight Training,WeightTraining,10420326014,,78.5,78.5,112.9,168.0,,,,0,,,,,,,,,,,
2023-12-28,Afternoon Swim,Swim,10451853751,2.05,33.9,42.9,159.8,218.0,16:31,3.63,7.2,0,,,,,,,,,,,
2023-12-31,Lunch Run,Run,10467251017,8.95,55.6,55.6,,,6:13,9.66,102.27,72.0,,,75.7,,,,,,,,
2024-01-03,Afternoon Weight Training,WeightTraining,10486586906,,73.9,73.9,111.6,143.0,,,,0,,,,,,,,,,,
2024-01-05,Afternoon Weight Training,WeightTraining,10499761682,,95.7,95.7,119.1,153.0,,,,0,,,,,,,,,,,
2024-01-07,Morning Run,Run,10510150007,13.65,80.3,80.4,177.2,190.0,5:53,10.2,20.88,9.0,,,83.7,,,,,,,,
2024-01-09,Afternoon Swim,Swim,10525170454,2.35,41.0,54.3,152.5,218.0,17:27,3.44,6.93,0,,,,,,,,,,,
2024-01-11,Afternoon Swim,Swim,10537963630,2.1,41.5,42.8,181.2,218.0,19:46,3.03,7.5,0,,,,,,,,,,,
2024-01-12,Afternoon Weight Training 🍗+💪🏻,WeightTraining,10544299528,,78.0,78.0,115.8,164.0,,,,0,,,,,,,,,,,
2024-01-14,Afternoon Run,Run,10557312807,12.01,69.6,69.7,168.9,189.0,5:48,10.36,22.32,3.0,,,85.3,,,,,,,,
2024-01-15,Afternoon Weight Training 🏋🏻😮‍💨,WeightTraining,10563606411,,75.1,75.1,113.1,148.0,,,,0,,,,,,,,,,,
2024-01-16,Afternoon Swim,Swim,10570389984,2.6,48.8,63.2,158.4,218.0,18:46,3.2,7.2,0,,,,,,,,,,,
2024-01-17,Afternoon Weight Training,WeightTraining,10576860413,,76.3,76.3,119.4,155.0,,,,0,,,,,,,,,,,
2024-01-18,Afternoon Swim,Swim,10582947073,2.1,40.7,43.9,196.8,219.0,19:22,3.1,5.46,0,,,,,,,,,,,
2024-01-19,Afternoon Weight Training,WeightTraining,10588724428,,51.9,51.9,111.3,146.0,,,,0,,,,,,,,,,,
2024-01-21,Morning Run,Run,10599331748,12.02,68.5,68.5,173.1,185.0,5:42,10.52,19.8,0.0,,,85.6,,,,,,,,
2024-01-24,Afternoon Weight Training,WeightTraining,10621047191,,72.2,72.2,108.2,137.0,,,,0,,,,,,,,,,,
2024-01-26,Afternoon Swim,Swim,10633639112,2.75,48.8,64.4,153.7,218.0,17:44,3.38,6.93,0,,,,,,,,,,,
2024-01-29,Afternoon Weight Training,WeightTraining,10654424294,,56.4,56.4,112.2,148.0,,,,0,,,,,,,,,,,
2024-01-30,Afternoon Swim,Swim,10661283458,2.35,41.7,57.6,154.3,218.0,17:45,3.38,7.2,0,,,,,,,,,,,
2024-01-31,Morning Run,Run,10665821238,15.04,88.2,88.3,166.5,182.0,5:52,10.22,23.04,3.0,,,84.5,,,,,,,,
2024-02-01,Afternoon Weight Training,WeightTraining,10674940540,,53.1,53.1,125.6,160.0,,,,0,,,,,,,,,,,
2024-02-05,Afternoon Weight Training,WeightTraining,10701453312,,55.9,55.9,117.8,150.0,,,,0,,,,,,,,,,,
2024-02-06,Afternoon Swim,Swim,10708651266,2.25,41.9,59.3,138.1,218.0,18:36,3.23,6.43,0,,,,,,,,,,,
2024-02-07,Afternoon Weight Training,WeightTraining,10721871603,,105.5,105.5,110.4,147.0,,,,0,,,,,,,,,,,
2024-02-08,Afternoon Swim,Swim,10722240409,1.85,34.7,46.1,159.4,218.0,18:45,3.2,6.0,0,,,,,,,,,,,
2024-02-09,Afternoon Weight Training,WeightTraining,10727950797,,73.3,73.3,116.9,155.0,,,,0,,,,,,,,,,,
2024-02-11,Lunch Ride,Ride,10740237794,,96.2,96.2,158.4,196.0,,,,0,,,,,,,,,,,
2024-02-12,Afternoon Weight Training,WeightTraining,10747669031,,92.4,92.4,113.1,147.0,,,,0,,,,,,,,,,,
2024-02-13,Afternoon Swim,Swim,10754417289,2.5,44.8,62.9,142.7,219.0,17:54,3.35,7.2,0,,,,,,,,,,,
2024-02-14,Afternoon Weight Training,WeightTraining,10761202405,,71.3,71.3,115.7,145.0,,,,0,,,,,,,,,,,
2024-02-17,Lunch Alpine Ski,AlpineSki,10781538757,27.57,108.8,220.3,107.7,165.0,3:57,15.2,62.64,2184.0,,,55.1,,,,,,,,
2024-02-20,Afternoon Weight Training,WeightTraining,10801332986,,68.6,68.6,112.1,141.0,,,,0,,,,,,,,,,,
2024-02-21,Afternoon Swim,Swim,10808117050,2.5,43.4,65.5,148.1,218.0,17:20,3.46,7.2,0,,,,,,,,,,,
2024-02-22,Afternoon Weight Training,WeightTraining,10814733918,,74.2,74.2,113.4,155.0,,,,0,,,,,,,,,,,
2024-02-23,Evening Run,Run,10822244857,7.01,35.8,37.3,179.5,196.0,5:06,11.77,33.12,31.0,,,85.6,,,,,,,,
2024-02-29,Afternoon Weight Training,WeightTraining,10861892894,,70.8,70.8,114.1,148.0,,,,0,,,,,,,,,,,
2024-03-01,Evening Run,Run,10869349847,9.1,46.7,49.9,179.0,197.0,5:08,11.69,38.88,31.0,,,85.3,,,,,,,,
2024-03-04,Afternoon Weight Training,WeightTraining,10888825861,,67.0,67.0,113.5,152.0,,,,0,,,,,,,,,,,
2024-03-05,Evening Run,Run,10898404046,15.11,83.3,86.2,177.8,196.0,5:31,10.89,38.88,31.0,,,84.3,,,,,,,,
2024-03-06,Afternoon Weight Training,WeightTraining,10909982146,,65.5,65.5,119.6,157.0,,,,0,,,,,,,,,,,
2024-03-07,Afternoon Swim,Swim,10910592001,2.4,41.7,69.6,156.6,219.0,17:23,3.45,8.19,0,,,,,,,,,,,
2024-03-12,Evening Run,Run,10945827094,6.48,34.0,36.5,172.2,187.0,5:15,11.43,28.08,29.0,,,84.5,,,,,,,,
2024-03-13,Afternoon Weight Training,WeightTraining,10951371594,,66.4,66.4,114.5,156.0,,,,0,,,,,,,,,,,
2024-03-14,Afternoon Swim,Swim,10958408869,1.9,37.6,58.0,159.6,217.0,19:47,3.03,4.87,0,,,,,,,,,,,
2024-03-15,Afternoon Weight Training,WeightTraining,10965512716,,68.1,68.1,106.1,144.0,,,,0,,,,,,,,,,,
2024-03-17,Evening Run,Run,10981651059,15.04,84.2,84.9,174.3,185.0,5:36,10.72,50.4,10.0,,,84.7,,,,,,,,
2024-03-18,Afternoon Weight Training,WeightTraining,10986393024,,72.3,72.3,107.7,150.0,,,,0,,,,,,,,,,,
2024-03-20,Afternoon Weight Training,WeightTraining,11001282905,,52.5,52.5,115.0,138.0,,,,0,,,,,,,,,,,
2024-03-21,Evening Run,Run,11009958812,8.23,45.0,49.9,172.8,190.0,5:29,10.96,45.36,63.0,,,85.2,,,,,,,,
2024-03-25,Afternoon Weight Training,WeightTraining,11035263743,,51.3,51.3,104.0,131.0,,,,0,,,,,,,,,,,
2024-03-27,Lunch Hike,Hike,11048513782,5.21,82.2,175.4,109.6,155.0,15:46,3.81,12.96,136.0,,,52.9,,,,,,,,
2024-03-28,Afternoon Weight Training,WeightTraining,11055981174,,67.3,67.3,110.0,150.0,,,,0,,,,,,,,,,,
2024-03-29,Afternoon Swim,Swim,11062993417,2.8,54.5,79.5,156.9,218.0,19:29,3.08,4.1,0,,,,,,,,,,,
2024-03-30,Afternoon Run,Run,11068958338,17.19,106.9,111.2,176.5,195.0,6:13,9.65,27.5,125.0,,,83.4,,,,,,,,
2024-04-03,Evening Walk,Walk,11098955448,19.02,246.7,394.6,,,12:58,4.63,47.45,589.2,,,,,,,,,,,
2024-04-09,Evening Run,Run,11143919740,10.18,53.9,64.5,173.3,193.0,5:18,11.33,35.28,73.0,,,85.8,,,,,,,,
2024-04-10,Afternoon Weight Training,WeightTraining,11149808256,,56.8,56.8,109.0,140.0,,,,0,,,,,,,,,,,
2024-04-12,Afternoon Weight Training,WeightTraining,11165221270,,62.8,62.8,112.0,150.0,,,,0,,,,,,,,,,,
2024-04-14,Morning run,Run,11178768874,19.01,121.2,134.3,,,6:23,9.41,16.34,58.4,,,,,,,,,,,
2024-04-16,Morning Weight Training,WeightTraining,11192427911,,25.6,25.6,110.2,138.0,,,,0,,,,,,,,,,,
2024-04-17,Evening Run,Run,11205042376,8.06,39.6,40.9,172.3,184.0,4:55,12.19,29.52,35.0,,,84.9,,,,,,,,
2024-04-19,Morning Weight Training,WeightTraining,11214699847,,41.1,41.1,113.0,139.0,,,,0,,,,,,,,,,,
2024-04-21,Lunch Run,Run,11230901829,9.79,53.1,54.9,171.2,189.0,5:26,11.06,40.32,76.0,,,84.7,,,,,,,,
2024-04-22,Morning Weight Training,WeightTraining,11236487737,,47.1,47.1,108.3,140.0,,,,0,,,,,,,,,,,
2024-04-24,Night Run,Run,11256402076,5.05,22.9,24.0,164.1,190.0,4:31,13.26,24.48,10.0,,,87.4,,,,,,,,
2024-04-25,Morning Weight Training,WeightTraining,11258878658,,36.6,36.6,110.4,133.0,,,,0,,,,,,,,,,,
2024-04-28,Morning Run,Run,11281270095,21.51,112.8,112.8,177.8,194.0,5:15,11.44,40.32,161.0,,,85.9,,,,,,,,
2024-04-30,Morning Weight Training,WeightTraining,11296125603,,41.2,41.2,109.9,142.0,,,,0,,,,,,,,,,,
2024-05-01,Lunch Swim,Swim,11306022832,1.55,28.2,38.2,152.2,218.0,18:14,3.29,5.81,0,,,,,,,,,,,
2024-05-03,Morning Weight Training,WeightTraining,11320123027,,45.5,45.5,107.5,146.0,,,,0,,,,,,,,,,,
2024-05-06,Morning Weight Training,WeightTraining,11343019513,,48.2,48.2,102.4,135.0,,,,0,,,,,,,,,,,
2024-05-08,Morning Weight Training,WeightTraining,11358445221,,52.9,52.9,113.5,149.0,,,,0,,,,,,,,,,,
2024-05-12,Morning Run,Run,11391578458,12.28,75.6,83.0,161.6,180.0,6:09,9.75,19.2,0.0,,,83.7,,,,,,,,
2024-05-13,Morning Weight Training,WeightTraining,11413711442,,51.9,51.9,106.8,134.0,,,,0,,,,,,,,,,,
2024-05-15,Morning Weight Training,WeightTraining,11413992334,,51.1,51.1,116.4,152.0,,,,0,,,,,,,,,,,
2024-05-17,Morning Weight Training,WeightTraining,11429241203,,48.0,48.0,111.7,150.0,,,,0,,,,,,,,,,,
2024-05-18,Lunch Ride,Ride,11438213295,,36.3,36.3,160.3,186.0,,,,0,,,,,,,,,,,
2024-05-19,Afternoon Run,Run,11447419724,8.04,47.0,47.1,170.4,184.0,5:51,10.26,23.04,0.0,,,84.2,,,,,,,,
2024-05-20,Afternoon Weight Training,WeightTraining,11455913828,,74.6,74.6,112.2,140.0,,,,0,,,,,,,,,,,
2024-05-22,Morning Weight Training,WeightTraining,11468610279,,54.2,54.2,115.2,147.0,,,,0,,,,,,,,,,,
2024-05-24,Morning Weight Training,WeightTraining,11483936563,,49.1,49.1,110.0,147.0,,,,0,,,,,,,,,,,
2024-05-26,Afternoon Run,Run,11501301004,8.76,47.3,50.1,,,5:24,11.12,17.65,112.1,,,,,,,,,,,
2024-05-29,Evening Run,Run,11527703238,8.51,51.4,53.0,165.4,181.0,6:02,9.93,23.76,64.0,,,83.8,,,,,,,,
2024-05-31,Morning Weight Training,WeightTraining,11537920914,,54.1,54.1,106.5,146.0,,,,0,,,,,,,,,,,
2024-06-02,Afternoon Run,Run,11555596459,11.87,67.6,70.5,171.6,185.0,5:42,10.53,25.2,0.0,,,84.6,,,,,,,,
2024-06-03,Morning Weight Training,WeightTraining,11560927913,,55.6,55.6,105.0,148.0,,,,0,,,,,,,,,,,
2024-06-04,Evening Run,Run,11574003368,7.01,35.6,38.4,178.3,199.0,5:05,11.82,20.88,15.0,,,86.0,,,,,,,,
2024-06-05,Morning Weight Training,WeightTraining,11577118139,,50.6,50.6,114.3,144.0,,,,0,,,,,,,,,,,
2024-06-07,Morning Weight Training,WeightTraining,11593348667,,52.0,52.0,118.9,156.0,,,,0,,,,,,,,,,,
2024-06-09,Morning Run,Run,11610912761,6.03,29.2,31.3,180.4,195.0,4:51,12.36,37.44,19.0,,,86.8,,,,,,,,
2024-06-10,Morning Weight Training,WeightTraining,11616835876,,59.6,59.6,108.1,143.0,,,,0,,,,,,,,,,,
2024-06-11,Evening Run,Run,11629410923,6.0,27.8,27.8,186.0,205.0,4:38,12.96,17.28,0,,,86.6,,,,,,,,
2024-06-16,Lunch Run,Run,11664619556,8.0,45.0,45.4,171.5,185.0,5:37,10.68,18.0,3.0,,,85.2,,,,,,,,
2024-06-17,Morning Weight Training,WeightTraining,11670716673,,53.2,53.2,107.7,143.0,,,,0,,,,,,,,,,,
2024-06-19,Morning Weight Training,WeightTraining,11686927951,,53.6,53.6,116.6,153.0,,,,0,,,,,,,,,,,
2024-06-21,Morning Weight Training,WeightTraining,11702432904,,61.0,61.0,114.6,149.0,,,,0,,,,,,,,,,,
2024-06-26,Morning Weight Training,WeightTraining,11741567592,,50.7,50.7,112.7,149.0,,,,0,,,,,,,,,,,
2024-06-30,Lunch Run,Run,11774141159,6.01,35.1,38.4,170.6,186.0,5:51,10.27,17.28,0.0,,,84.7,,,,,,,,
2024-07-01,Morning Weight Training,WeightTraining,11779801513,,50.5,50.5,105.2,136.0,,,,0,,,,,,,,,,,
2024-07-02,Evening Run,Run,11792784110,6.01,30.3,30.3,180.5,202.0,5:03,11.9,17.28,0.0,,,85.4,,,,,,,,
2024-07-03,Morning Weight Training,WeightTraining,11795932390,,62.1,62.1,110.4,145.0,,,,0,,,,,,,,,,,
2024-07-05,Morning Weight Training,WeightTraining,11812050345,,65.8,65.8,118.0,160.0,,,,0,,,,,,,,,,,
2024-07-07,Morning Run,Run,11827293329,8.03,42.9,43.4,175.1,190.0,5:21,11.23,23.76,21.0,,,85.9,,,,,,,,
2024-07-09,Morning Weight Training,WeightTraining,11843259642,,57.0,57.0,109.6,151.0,,,,0,,,,,,,,,,,
2024-07-10,Morning Weight Training,WeightTraining,11851646733,,51.6,51.6,123.4,159.0,,,,0,,,,,,,,,,,
2024-07-12,Morning Weight Training,WeightTraining,11887339247,,2088.4,2088.4,72.4,152.0,,,,0,,,,,,,,,,,
2024-07-16,Evening Run,Run,11904480694,6.64,35.9,38.2,174.2,196.0,5:24,11.11,28.08,45.0,,,85.1,,,,,,,,
2024-07-17,Night Run,Run,11913786148,4.98,30.2,33.5,168.4,179.0,6:04,9.89,17.28,0.0,,,83.8,,,,,,,,
2024-07-22,Morning Weight Training,WeightTraining,11980305018,,52.9,52.9,111.3,156.0,,,,0,,,,,,,,,,,
2024-07-24,Morning Weight Training,WeightTraining,11980305760,,49.5,49.5,118.8,145.0,,,,0,,,,,,,,,,,
2024-07-25,Evening Swim,Swim,11980306547,1.3,23.9,35.7,142.8,216.0,18:25,3.26,7.2,0,,,,,,,,,,,
2024-07-30,Morning Weight Training,WeightTraining,12015641534,,48.8,48.8,109.5,155.0,,,,0,,,,,,,,,,,
2024-07-30,Evening Ride,Ride,12021509986,,46.2,46.2,164.2,194.0,,,,0,,,,,,,,,,,
2024-07-31,Evening Ride,Ride,12030136677,,45.2,45.2,162.5,190.0,,,,0,,,,,,,,,,,
2024-08-01,Morning Weight Training,WeightTraining,12033390665,,69.0,69.0,112.9,140.0,,,,0,,,,,,,,,,,
2024-08-04,Evening Run,Run,12063398095,8.03,42.1,47.8,178.0,196.0,5:15,11.44,19.98,3.0,,,85.5,,,,,,,,
2024-08-06,Evening Weight Training,WeightTraining,12079673665,,51.9,51.9,119.7,160.0,,,,0,,,,,,,,,,,
2024-08-08,Evening Weight Training,WeightTraining,12097873297,,54.4,54.4,111.5,161.0,,,,0,,,,,,,,,,,
2024-08-10,Evening Run,Run,12114057448,9.24,50.4,58.1,177.7,194.0,5:28,10.99,21.6,87.0,,,85.0,,,,,,,,
2024-08-12,Evening Weight Training,WeightTraining,12130967843,,61.6,61.6,110.2,164.0,,,,0,,,,,,,,,,,
2024-08-13,Evening Run,Run,12139694375,9.92,57.2,58.3,180.0,196.0,5:46,10.4,37.44,65.0,,,84.0,,,,,,,,
2024-08-14,Evening Weight Training,WeightTraining,12149025806,,66.3,66.3,113.1,159.0,,,,0,,,,,,,,,,,
2024-08-20,Evening Run,Run,12198768533,6.18,31.7,31.7,182.7,196.0,5:08,11.7,26.64,28.0,,,85.7,,,,,,,,
2024-08-26,Morning Weight Training,WeightTraining,12243900620,,57.8,57.8,101.7,156.0,,,,0,,,,,,,,,,,
2024-08-27,Evening Ride,Ride,12257675277,,28.8,28.8,165.6,188.0,,,,0,,,,,,,,,,,
2024-08-28,Morning Weight Training,WeightTraining,12261660882,,34.4,34.4,119.2,148.0,,,,0,,,,,,,,,,,
2024-08-29,Evening Run,Run,12275425991,6.02,29.4,32.0,179.4,194.0,4:53,12.29,23.76,20.0,,,86.4,,,,,,,,
2024-08-31,Pic Carlit - 2.921m,Hike,12290903810,8.01,124.6,215.1,132.6,180.0,15:33,3.86,12.96,908.0,,,53.1,,,,,,,,
2024-08-31,Afternoon Hike,Hike,12290918500,7.08,109.3,130.3,134.5,186.0,15:26,3.88,12.96,25.0,,,56.6,,,,,,,,
2024-09-03,Morning Weight Training,WeightTraining,12326437379,,63.0,63.0,113.3,149.0,,,,0,,,,,,,,,,,
2024-09-04,Evening Run,Run,12326444453,5.86,29.0,31.1,172.9,193.0,4:57,12.11,22.32,21.0,,,86.5,,,,,,,,
2024-09-05,Morning Weight Training,WeightTraining,12356717682,,1268.9,1268.9,83.2,190.0,,,,0,,,,,,,,,,,
2024-09-08,Morning Run,Run,12356716892,8.02,41.1,52.3,187.0,198.0,5:08,11.7,20.16,0,,,88.1,,,,,,,,
2024-09-09,Evening Weight Training,WeightTraining,12368826437,,49.5,49.5,115.1,160.0,,,,0,,,,,,,,,,,
2024-09-12,Morning Weight Training,WeightTraining,12389461800,,51.6,51.6,111.8,141.0,,,,0,,,,,,,,,,,
2024-09-13,Morning Weight Training,WeightTraining,12397381542,,52.6,52.6,113.5,158.0,,,,0,,,,,,,,,,,
2024-09-15,Lunch Run,Run,12415699106,14.02,79.1,87.0,182.5,196.0,5:39,10.63,21.6,7.0,,,86.1,,,,,,,,
2024-09-16,Morning Weight Training,WeightTraining,12424725252,,100.6,100.6,102.5,141.0,,,,0,,,,,,,,,,,
2024-09-17,Evening Run,Run,12435472618,6.05,28.6,31.9,180.6,192.0,4:44,12.66,23.04,21.0,,,87.7,,,,,,,,
2024-09-18,Morning Weight Training,WeightTraining,12443529961,,56.9,56.9,111.2,143.0,,,,0,,,,,,,,,,,
2024-09-19,Evening Run,Run,12453159823,6.01,28.8,30.7,178.5,194.0,4:47,12.53,25.92,21.0,,,86.9,,,,,,,,
2024-09-20,Morning Weight Training,WeightTraining,12456271872,,47.3,47.3,114.9,150.0,,,,0,,,,,,,,,,,
2024-09-26,Evening Run,Run,12510788180,6.6,32.2,34.9,,,4:53,12.29,130.86,31.0,,,85.4,,,,,,,,
2024-09-27,Morning Weight Training,WeightTraining,12513712158,,51.4,51.4,104.9,136.0,,,,0,,,,,,,,,,,
2024-09-29,Lunch Run,Run,12532172534,14.99,89.0,91.3,181.0,193.0,5:56,10.11,21.6,17.0,,,85.8,,,,,,,,
2024-10-01,Morning Weight Training,WeightTraining,12545600258,,53.3,53.3,104.5,141.0,,,,0,,,,,,,,,,,
2024-10-02,Morning Weight Training,WeightTraining,12554000004,,63.1,63.1,112.5,148.0,,,,0,,,,,,,,,,,
2024-10-03,Evening Run,Run,12569998449,6.01,29.4,32.1,175.4,189.0,4:54,12.24,28.08,21.0,,,87.0,,,,,,,,
2024-10-04,Afternoon Weight Training,WeightTraining,12573689231,,62.9,62.9,111.7,155.0,,,,0,,,,,,,,,,,
2024-10-05,Pic de Sotllo - 3.073m,Hike,12600074165,18.37,323.5,419.4,136.0,179.0,17:37,3.41,55.44,1945.2,,,53.8,,,,,,,,
2024-10-08,Morning Weight Training,WeightTraining,12605698455,,46.9,46.9,109.0,143.0,,,,0,,,,,,,,,,,
2024-10-08,Evening Yoga,Yoga,12608005307,,69.0,69.0,78.4,125.0,,,,0,,,,,,,,,,,
2024-10-15,Morning Weight Training,WeightTraining,12658786894,,53.5,53.5,105.9,148.0,,,,0,,,,,,,,,,,
2024-10-17,Morning Run,Run,12675072816,7.01,36.5,39.6,180.7,195.0,5:12,11.54,27.36,24.0,,,86.3,,,,,,,,
2024-10-18,Afternoon Weight Training,WeightTraining,12686058488,,82.5,82.5,113.7,155.0,,,,0,,,,,,,,,,,
2024-10-19,Morning Run,Run,12691076429,15.03,81.3,83.8,181.0,198.0,5:24,11.1,30.96,104.0,,,87.0,,,,,,,,
2024-10-24,Morning Run,Run,12731287594,8.03,40.1,44.1,182.0,196.0,4:60,12.01,46.08,58.0,,,86.6,,,,,,,,
2024-10-25,Afternoon Weight Training,WeightTraining,12742463187,,64.6,64.6,112.4,153.0,,,,0,,,,,,,,,,,
2024-10-27,Lunch Run,Run,12757014440,20.03,108.9,109.0,180.2,194.0,5:26,11.03,21.6,45.0,,,85.8,,,,,,,,
2024-10-29,Morning Weight Training,WeightTraining,12772919189,,55.7,55.7,109.6,144.0,,,,0,,,,,,,,,,,
2024-10-31,Morning Weight Training,WeightTraining,12787896552,,61.5,61.5,114.9,146.0,,,,0,,,,,,,,,,,
2024-11-06,Morning Weight Training,WeightTraining,12834672637,,56.9,56.9,103.6,150.0,,,,0,,,,,,,,,,,
2024-11-07,Morning Weight Training,WeightTraining,12842607146,,52.3,52.3,109.7,149.0,,,,0,,,,,,,,,,,
2024-11-10,Morning Run,Run,12867049955,20.01,108.5,108.5,185.3,202.0,5:25,11.06,28.08,213.0,,,85.7,,,,,,,,
2024-11-12,Morning Weight Training,WeightTraining,12881172186,,62.4,62.4,109.5,139.0,,,,0,,,,,,,,,,,
2024-11-12,Evening Yoga,Yoga,12887043676,,71.8,71.8,76.3,121.0,,,,0,,,,,,,,,,,
2024-11-13,Evening Run,Run,12894189806,5.22,26.7,29.7,176.5,192.0,5:07,11.74,20.25,13.0,,,85.2,,,,,,,,
2024-11-14,Morning Weight Training,WeightTraining,12896855349,,55.6,55.6,112.6,147.0,,,,0,,,,,,,,,,,
2024-11-15,Afternoon Weight Training,WeightTraining,12907932445,,90.5,90.5,126.9,171.0,,,,0,,,,,,,,,,,
2024-11-18,Evening Run,Run,12931737553,8.88,46.9,49.4,175.7,196.0,5:17,11.36,20.88,42.0,,,85.2,,,,,,,,
2024-11-19,Morning Weight Training,WeightTraining,12934369141,,57.9,57.9,105.1,135.0,,,,0,,,,,,,,,,,
2024-11-21,Morning Weight Training,WeightTraining,12949536866,,46.5,46.5,103.4,159.0,,,,0,,,,,,,,,,,
2024-11-21,Evening Yoga,Yoga,12954230746,,80.4,80.4,83.4,143.0,,,,0,,,,,,,,,,,
2024-11-22,Morning Weight Training,WeightTraining,12956346656,,70.1,70.1,112.1,152.0,,,,0,,,,,,,,,,,
2024-11-23,Pedraforca - 2.506m,Hike,12965248120,8.16,156.6,293.2,120.8,176.0,19:11,3.13,10.8,1238.0,,,54.8,,,,,,,,
2024-11-25,Evening Run,Run,12982576500,9.04,47.7,50.5,179.9,198.0,5:17,11.36,22.32,41.0,,,85.5,,,,,,,,
2024-11-26,Morning Weight Training,WeightTraining,12985144400,,64.8,64.8,110.2,147.0,,,,0,,,,,,,,,,,
2024-11-28,Morning Weight Training,WeightTraining,13000114034,,65.8,65.8,123.0,163.0,,,,0,,,,,,,,,,,
2024-11-29,Morning Weight Training,WeightTraining,13006982027,,68.8,68.8,117.8,149.0,,,,0,,,,,,,,,,,
2024-12-01,Matagalls - 1.697m,Hike,13025122538,11.81,162.7,277.6,134.9,186.0,13:47,4.36,13.68,735.0,,,55.9,,,,,,,,
2024-12-03,Morning Weight Training,WeightTraining,13035677746,,60.5,60.5,105.7,138.0,,,,0,,,,,,,,,,,
2024-12-03,Evening Run,Run,13040175715,10.28,51.3,53.1,175.0,195.0,4:60,12.01,27.36,28.0,,1083.0,86.0,,,,,,,,
2024-12-05,Morning Weight Training,WeightTraining,13050288501,,56.1,56.1,114.4,154.0,,,,0,,,,,,,,,,,
2024-12-09,Evening Run,Run,13081599868,11.91,62.2,63.8,180.6,195.0,5:13,11.49,25.2,6.0,,1389.0,85.5,,,,,,,,
2024-12-11,Morning Weight Training,WeightTraining,13130393561,,58.1,58.1,106.5,143.0,,,,0,,,,,,,,,,,
2024-12-12,Morning Weight Training,WeightTraining,13130394687,,58.1,58.1,118.7,141.0,,,,0,,,,,,,,,,,
2024-12-13,Morning Weight Training,WeightTraining,13130395705,,51.8,51.8,113.3,159.0,,,,0,,,,,,,,,,,
2024-12-16,Evening Run,Run,13130398547,12.1,63.1,64.8,178.0,197.0,5:13,11.51,24.48,11.0,,1361.0,85.8,,,,,,,,
2024-12-17,Morning Weight Training,WeightTraining,13132463943,,57.0,57.0,105.7,144.0,,,,0,,,,,,,,,,,
2024-12-18,Morning Weight Training,WeightTraining,13181017024,,56.4,56.4,102.9,144.0,,,,0,,,,,,,,,,,
2024-12-20,Afternoon Weight Training,WeightTraining,13181019874,,87.8,87.8,110.5,153.0,,,,0,,,,,,,,,,,
2024-12-23,Evening Weight Training,WeightTraining,13181021495,,78.7,78.7,106.1,144.0,,,,0,,,,,,,,,,,
2024-12-24,Lunch Run,Run,13181026525,13.01,69.3,72.5,180.7,190.0,5:20,11.25,18.72,6.0,,1533.0,86.1,,,,,,,,
2024-12-27,Morning Weight Training,WeightTraining,13211490110,,35.9,35.9,114.0,157.0,,,,0,,,,,,,,,,,
2024-12-28,Lunch Backcountry Ski,AlpineSki,13211494344,22.1,108.6,163.3,69.4,131.0,4:55,12.21,42.84,1962.7,,,53.3,,,,,,,,
2025-01-03,Morning Weight Training,WeightTraining,13252392252,,62.6,62.6,103.5,137.0,,,,0,,,,,,,,,,,
2025-01-04,Afternoon Weight Training,WeightTraining,13269759545,,96.3,96.3,113.3,151.0,,,,0,,,,,,,,,,,
2025-01-05,Sant Jeroni Montserrat - 1.209m,Hike,13275046996,14.04,261.1,405.7,114.2,161.0,18:36,3.23,36.0,1005.0,,,52.1,,,,,,,,
2025-01-07,Evening Run,Run,13293442746,10.06,49.9,50.4,168.5,194.0,4:58,12.1,28.8,80.0,,981.0,85.6,,,,,,,,
2025-01-10,Morning Weight Training,WeightTraining,13332747813,,50.2,50.2,107.6,153.0,,,,0,,,,,,,,,,,
2025-01-12,Morning Run,Run,13332756129,14.38,75.9,76.5,185.4,200.0,5:17,11.37,23.04,6.0,,1803.0,85.7,,,,,,,,
2025-01-13,Evening Weight Training,WeightTraining,13346774545,,58.9,58.9,108.4,138.0,,,,0,,,,,,,,,,,
2025-01-14,Evening Run,Run,13355641074,10.02,47.4,49.7,184.3,198.0,4:44,12.68,27.36,78.0,,1112.0,86.6,,,,,,,,
2025-01-16,Morning Weight Training,WeightTraining,13368595721,,45.3,45.3,120.1,159.0,,,,0,,,,,,,,,,,
2025-01-16,Evening Yoga,Yoga,13373299381,,63.0,63.0,79.1,127.0,,,,0,,,,,,,,,,,
2025-01-17,Morning Weight Training,WeightTraining,13376574397,,65.9,65.9,113.7,155.0,,,,0,,,,,,,,,,,
2025-01-18,Lunch Run,Run,13387374622,16.04,79.8,85.9,181.6,191.0,4:59,12.06,39.6,56.0,,1824.0,86.3,,,,,,,,
2025-01-20,Evening Weight Training,WeightTraining,13417336543,,74.4,74.4,106.5,138.0,,,,0,,,,,,,,,,,
2025-01-21,Evening Run,Run,13417341927,12.01,57.3,60.0,181.6,198.0,4:46,12.57,48.24,77.0,,1285.0,86.8,,,,,,,,
2025-01-23,Morning Weight Training,WeightTraining,13495535223,,45.2,45.2,115.5,144.0,,,,0,,,,,,,,,,,
2025-01-23,Evening Yoga,Yoga,13495537591,,62.5,62.5,77.4,131.0,,,,0,,,,,,,,,,,
2025-01-24,Afternoon Weight Training,WeightTraining,13495539419,,70.2,70.2,102.1,141.0,,,,0,,,,,,,,,,,
2025-01-27,Evening Weight Training,WeightTraining,13495541548,,65.0,65.0,106.4,152.0,,,,0,,,,,,,,,,,
2025-01-29,Evening Weight Training,WeightTraining,13495544465,,80.1,80.1,114.7,153.0,,,,0,,,,,,,,,,,
2025-01-30,Evening Run,Run,13495546323,8.04,37.0,39.6,171.9,189.0,4:36,13.02,18.0,0,,790.0,85.2,,,,,,,,
2025-01-31,Afternoon Weight Training,WeightTraining,13502744976,,68.5,68.5,111.6,162.0,,,,0,,,,,,,,,,,
2025-02-02,Lunch Run,Run,13518854397,17.7,91.7,96.9,184.1,194.0,5:11,11.57,29.52,118.0,,2107.0,86.2,,,,,,,,
2025-02-03,Morning Weight Training,WeightTraining,13559427753,,53.0,53.0,110.3,143.0,,,,0,,,,,,,,,,,
2025-02-05,Morning Weight Training,WeightTraining,13559428893,,62.7,62.7,114.6,154.0,,,,0,,,,,,,,,,,
2025-02-06,Evening Yoga,Yoga,13559430337,,66.9,66.9,73.5,125.0,,,,0,,,,,,,,,,,
2025-02-09,Afternoon Run,Run,13602450540,6.69,37.2,42.1,181.0,192.0,5:33,10.8,14.4,0,,895.0,87.0,,,,,,,,
2025-02-11,Evening Run,Run,13602453758,7.03,32.8,34.0,182.8,198.0,4:40,12.87,26.28,37.0,,774.0,86.5,,,,,,,,
2025-02-12,Morning Weight Training,WeightTraining,13605783071,,50.0,50.0,111.4,156.0,,,,0,,,,,,,,,,,
2025-02-15,Lunch Run,Run,13631651843,5.3,32.6,33.8,162.6,180.0,6:09,9.75,25.2,7.0,,574.0,84.7,,,,,,,,
2025-02-16,Mitja Marató de Barcelona,Run,13640362473,21.76,106.0,106.2,186.0,201.0,4:52,12.32,36.72,16.0,,2417.0,87.5,,,,,,,,
2025-02-17,Morning Weight Training,WeightTraining,13649675192,,77.3,77.3,113.2,151.0,,,,0,,,,,,,,,,,
2025-02-19,Evening Ride,Ride,13672952398,,41.0,41.0,144.0,169.0,,,,0,,,,,,,,,,,
2025-02-21,Morning Weight Training,WeightTraining,13684527302,,62.4,62.4,103.8,134.0,,,,0,,,,,,,,,,,
2025-02-22,Morning Run,Run,13694325278,6.29,37.7,38.4,160.4,175.0,5:59,10.02,23.6,36.0,,655.0,83.4,,,,,,,,
2025-02-23,"Pic de Bastiments - 2.881m
Pic de la Dona - 2.701m",Hike,13705532607,9.96,181.3,322.0,120.2,174.0,18:12,3.3,12.24,833.0,,,54.8,,,,,,,,
2025-02-24,Afternoon Weight Training,WeightTraining,13757327545,,63.9,63.9,106.8,139.0,,,,0,,,,,,,,,,,
2025-02-27,Afternoon Weight Training,WeightTraining,13757328694,,35.7,35.7,120.0,146.0,,,,0,,,,,,,,,,,
2025-03-01,Morning Run,Run,13757334317,8.01,48.0,49.0,169.8,188.0,5:60,10.01,24.48,183.0,,934.0,83.6,,,,,,,,
2025-03-03,Morning Weight Training,WeightTraining,13774874227,,55.1,55.1,106.6,147.0,,,,0,,,,,,,,,,,
2025-03-04,Evening Run,Run,13789908946,5.33,24.3,37.5,164.1,190.0,4:33,13.19,33.84,14.0,,631.0,88.8,,,,,,,,
2025-03-06,Evening Yoga,Yoga,13831130544,,67.1,67.1,72.2,107.0,,,,0,,,,,,,,,,,
2025-03-09,Morning Run,Run,13831138099,15.02,91.6,93.8,170.1,185.0,6:06,9.83,25.7,13.0,,1694.0,84.6,,,,,,,,
2025-03-10,Morning Weight Training,WeightTraining,13865420094,,49.7,49.7,110.0,139.0,,,,0,,,,,,,,,,,
2025-03-12,Evening Run,Run,13865427862,13.0,66.2,70.4,178.8,198.0,5:06,11.78,38.88,89.0,,1444.0,85.5,,,,,,,,
2025-03-13,Morning Weight Training,WeightTraining,13868492651,,61.2,61.2,113.2,172.0,,,,0,,,,,,,,,,,
2025-03-14,Morning Weight Training,WeightTraining,13920103631,,59.6,59.6,122.1,159.0,,,,0,,,,,,,,,,,
2025-03-18,Evening Run,Run,13920110041,8.63,44.3,48.5,175.6,197.0,5:08,11.69,23.04,34.0,,966.0,86.2,,,,,,,,
2025-03-19,Morning Weight Training,WeightTraining,13968139560,,58.4,58.4,111.1,139.0,,,,0,,,,,,,,,,,
2025-03-21,Morning Weight Training,WeightTraining,13968140748,,55.8,55.8,107.5,161.0,,,,0,,,,,,,,,,,
2025-03-23,Afternoon Run,Run,13968143294,8.7,41.2,44.0,170.5,202.0,4:44,12.67,33.84,70.0,,942.0,86.8,,,,,,,,
2025-03-24,Morning Weight Training,WeightTraining,14041168193,,56.7,56.7,107.7,144.0,,,,0,,,,,,,,,,,
2025-03-26,Morning Weight Training,WeightTraining,14041169865,,54.6,54.6,120.1,149.0,,,,0,,,,,,,,,,,
2025-03-30,Evening Run,Run,14041177364,14.12,74.5,74.9,179.6,191.0,5:17,11.37,19.44,6.0,,1548.0,86.2,,,,,,,,
2025-04-01,Evening Run,Run,14051993063,6.18,29.1,38.6,179.1,196.0,4:43,12.73,28.8,9.0,,682.0,87.4,,,,,,,,
2025-04-02,Morning Weight Training,WeightTraining,14094636836,,47.5,47.5,118.5,143.0,,,,0,,,,,,,,,,,
2025-04-03,Morning Weight Training,WeightTraining,14094643068,,60.6,60.6,119.9,182.0,,,,0,,,,,,,,,,,
2025-04-06,Morning Run,Run,14094814128,11.72,59.4,59.5,188.0,202.0,5:04,11.83,18.72,3.0,,1415.0,87.1,,,,,,,,
2025-04-10,Evening Run,Run,14158850725,5.42,29.7,55.5,168.1,183.0,5:29,10.93,18.72,6.0,,777.0,86.7,,,,,,,,
2025-04-12,Morning Weight Training,WeightTraining,14165595631,,68.3,68.3,109.1,146.0,,,,0,,,,,,,,,,,
2025-04-13,Morning Run,Run,14165602610,16.04,97.0,101.7,163.1,182.0,6:03,9.92,39.6,51.0,,1649.0,86.0,,,,,,,,
2025-04-14,Morning Weight Training,WeightTraining,14171634744,,63.2,63.2,107.2,158.0,,,,0,,,,,,,,,,,
2025-04-15,Morning Weight Training,WeightTraining,14181274212,,53.5,53.5,116.8,148.0,,,,0,,,,,,,,,,,
2025-04-18,Afternoon Surfing,Surfing,14214674393,2.83,58.0,148.2,115.8,174.0,20:29,2.93,41.4,194.4,,,,,,,,,,,
2025-04-19,Afternoon Surfing,Surfing,14224696334,6.75,96.3,157.6,128.6,196.0,14:17,4.2,38.52,1071.0,,,,,,,,,,,
2025-04-20,Afternoon Run,Run,14233201175,5.79,35.3,41.8,166.6,194.0,6:06,9.84,15.84,138.0,,738.0,84.8,,,,,,,,
2025-04-24,Evening Run,Run,14275588516,9.5,50.1,63.6,179.5,193.0,5:16,11.38,35.28,68.0,,1219.0,85.3,,,,,,,,
2025-04-25,Morning Weight Training,WeightTraining,14356948311,,62.2,62.2,107.4,155.0,,,,0,,,,,,,,,,,
2025-04-28,Afternoon Run,Run,14356949680,12.01,62.4,69.6,170.3,182.0,5:12,11.55,30.24,86.0,,1244.0,86.4,,,,,,,,
2025-05-01,Morning Weight Training,WeightTraining,14356955898,,79.6,79.6,114.2,147.0,,,,0,,,,,,,,,,,
2025-05-02,Morning Weight Training,WeightTraining,14356957315,,39.8,39.8,106.6,142.0,,,,0,,,,,,,,,,,
2025-05-03,Morning Hike,Hike,14365637903,16.4,185.5,281.1,121.6,169.0,11:19,5.3,71.28,852.0,,,53.2,,,,,,,,
2025-05-05,Evening Run,Run,14388172653,8.03,38.3,38.3,179.8,202.0,4:46,12.59,16.56,0,,822.0,85.9,,,,,,,,
2025-05-06,Morning Weight Training,WeightTraining,14391619247,,55.8,55.8,110.6,147.0,,,,0,,,,,,,,,,,
2025-05-08,Morning Weight Training,WeightTraining,14413122802,,61.5,61.5,116.9,150.0,,,,0,,,,,,,,,,,
2025-05-09,Morning Weight Training,WeightTraining,14422884469,,69.0,69.0,113.8,147.0,,,,0,,,,,,,,,,,
2025-05-11,Morning Run,Run,14444336727,20.04,117.9,124.4,176.3,191.0,5:53,10.19,21.6,66.0,,2428.0,84.5,,,,,,,,
2025-05-12,Morning Weight Training,WeightTraining,14453550538,,52.0,52.0,104.2,138.0,,,,0,,,,,,,,,,,
2025-05-13,Evening Run,Run,14470591488,8.03,49.6,49.6,177.2,204.0,6:11,9.7,15.84,0,,1034.0,83.9,,,,,,,,
2025-05-15,Morning Weight Training,WeightTraining,14485731261,,64.7,64.7,103.4,155.0,,,,0,,,,,,,,,,,
2025-05-17,Morning Run,Run,14504989117,5.97,35.7,42.2,161.0,184.0,5:59,10.03,25.56,131.0,,712.0,85.0,,,,,,,,
2025-05-20,Morning Weight Training,WeightTraining,14547261518,,52.6,52.6,106.7,146.0,,,,0,,,,,,,,,,,
2025-05-20,Evening Run,Run,14547263214,7.23,35.0,47.5,181.5,198.0,4:51,12.39,16.56,0,,963.0,87.0,,,,,,,,
2025-05-21,Morning Weight Training,WeightTraining,14547264449,,65.0,65.0,114.2,151.0,,,,0,,,,,,,,,,,
2025-05-24,Morning Run,Run,14577292635,12.02,64.8,64.9,176.9,197.0,5:24,11.12,19.44,6.0,,1378.0,86.3,,,,,,,,
2025-05-26,Morning Weight Training,WeightTraining,14597631040,,144.2,144.2,97.0,155.0,,,,0,,,,,,,,,,,
2025-05-28,Morning Weight Training,WeightTraining,14617847841,,48.2,48.2,119.0,152.0,,,,0,,,,,,,,,,,
2025-05-29,Morning Yoga,Yoga,14627609744,,54.4,54.4,111.0,150.0,,,,0,,,,,,,,,,,
2025-05-30,Morning Weight Training,WeightTraining,14638121939,,68.8,68.8,124.3,163.0,,,,0,,,,,,,,,,,
2025-06-01,Afternoon Ride,Ride,14662234981,,40.4,40.4,160.9,180.0,,,,0,,,,,,,,,,,
2025-06-02,Morning Weight Training,WeightTraining,14669413163,,48.5,48.5,109.9,150.0,,,,0,,,,,,,,,,,
2025-06-06,Morning Weight Training,WeightTraining,14711085820,,60.4,60.4,122.0,159.0,,,,0,,,,,,,,,,,
2025-06-09,Lunch Run,Run,14741951151,5.26,28.4,28.5,,,5:24,11.11,16.99,12.1,,0,,,,,,,,,
2025-06-11,Morning Weight Training,WeightTraining,14808252528,,66.5,66.5,107.5,155.0,,,,0,,,,,,,,,,,
2025-06-12,Morning Yoga,Yoga,14808254369,,54.9,54.9,95.4,137.0,,,,0,,,,,,,,,,,
2025-06-12,ASICS x The Edge Mood,Run,14808257366,4.96,25.8,25.9,177.8,190.0,5:12,11.53,16.56,0.0,,526.0,85.6,,,,,,,,
2025-06-13,Morning Weight Training,WeightTraining,14808259537,,56.5,56.5,116.1,145.0,,,,0,,,,,,,,,,,
2025-06-15,Evening Run,Run,14811572398,20.06,114.1,129.2,,,5:41,10.55,21.54,70.0,,0,,,,,,,,,
2025-06-17,Morning Weight Training,WeightTraining,14824401246,,59.1,59.1,104.6,146.0,,,,0,,,,,,,,,,,
2025-06-18,Morning Weight Training,WeightTraining,14835921616,,52.7,52.7,114.9,168.0,,,,0,,,,,,,,,,,
2025-06-19,Morning Yoga,Yoga,14952791120,,55.2,55.2,102.3,158.0,,,,0,,,,,,,,,,,
2025-06-27,Afternoon Weight Training,WeightTraining,14952793966,,60.7,60.7,114.9,161.0,,,,0,,,,,,,,,,,
2025-06-28,Estany d’Estats,Hike,14952803628,5.89,113.6,191.5,145.8,184.0,19:17,3.11,10.8,759.0,,,52.5,,,,,,,,
2025-06-29,Pica d’Estats - 3.143m,Hike,14952796392,9.73,239.7,377.6,,,24:38,2.44,13.54,841.5,,,,,,,,,,,
2025-07-01,Morning Weight Training,WeightTraining,14969734046,,64.7,64.7,114.0,153.0,,,,0,,,,,,,,,,,
2025-07-02,Morning Weight Training,WeightTraining,14980672962,,61.6,61.6,119.4,149.0,,,,0,,,,,,,,,,,
2025-07-06,Lunch Run,Run,15026684536,6.4,37.7,41.6,175.5,192.0,5:53,10.19,19.44,0.0,,883.0,85.2,,,,,,,,
2025-07-07,Morning Weight Training,WeightTraining,15031962225,,58.8,58.8,105.0,136.0,,,,0,,,,,,,,,,,
2025-07-09,Morning Weight Training,WeightTraining,15100768761,,129.1,129.1,107.2,156.0,,,,0,,,,,,,,,,,
2025-07-11,Morning Weight Training,WeightTraining,15100770428,,56.6,56.6,126.1,169.0,,,,0,,,,,,,,,,,
2025-07-13,Lunch Run,Run,15100778833,9.51,52.8,61.5,182.1,195.0,5:33,10.8,23.04,0.0,,1277.0,85.4,,,,,,,,
2025-07-15,Morning Weight Training,WeightTraining,15118617978,,63.0,63.0,109.2,147.0,,,,0,,,,,,,,,,,
2025-07-16,Morning Weight Training,WeightTraining,15129785384,,50.9,50.9,118.9,146.0,,,,0,,,,,,,,,,,
2025-07-18,Morning Weight Training,WeightTraining,15246066890,,58.5,58.5,114.4,149.0,,,,0,,,,,,,,,,,
2025-07-21,Morning Weight Training,WeightTraining,15246068176,,46.8,46.8,109.3,142.0,,,,0,,,,,,,,,,,
2025-07-23,Morning Weight Training,WeightTraining,15246069493,,51.6,51.6,124.5,178.0,,,,0,,,,,,,,,,,
2025-07-26,Morning Run,Run,15246074666,10.04,61.5,61.6,179.4,191.0,6:07,9.8,16.56,0.0,,1288.0,84.4,,,,,,,,
2025-07-27,Afternoon Weight Training,WeightTraining,15252890107,,70.4,70.4,103.1,133.0,,,,0,,,,,,,,,,,
2025-07-28,Morning Weight Training,WeightTraining,15539720905,,52.8,52.8,117.1,143.0,,,,0,,,,,,,,,,,
2025-08-04,Evening Run,Run,15340917860,7.32,40.8,44.0,,,5:34,10.77,14.76,58.7,,0,,,,,,,,,
2025-08-06,Evening Run,Run,15364812036,8.22,45.2,53.9,,,5:30,10.9,23.87,50.1,,0,,,,,,,,,
2025-08-21,Evening Run,Run,15539728018,7.5,38.6,43.7,184.0,199.0,5:09,11.66,24.48,22.0,,970.0,86.0,,,,,,,,
2025-08-22,Lunch Run,Run,15544928490,4.45,22.1,22.2,181.9,195.0,4:59,12.06,20.62,15.0,,536.0,87.0,,,,,,,,
2025-08-25,Evening Weight Training,WeightTraining,15596794828,,75.9,75.9,103.6,138.0,,,,0,,,,,,,,,,,
2025-08-26,Evening Run,Run,15596799434,8.97,50.3,50.4,185.3,198.0,5:36,10.7,20.16,0.0,,1179.0,83.7,,,,,,,,
2025-08-27,Evening Weight Training,WeightTraining,15608116810,,62.4,62.4,112.8,158.0,,,,0,,,,,,,,,,,
2025-08-29,Afternoon Weight Training,WeightTraining,15627321677,,75.4,75.4,109.4,147.0,,,,0,,,,,,,,,,,
2025-08-30,Lunch Run,Run,15636152579,14.04,80.1,94.4,182.4,196.0,5:42,10.52,18.72,3.0,,1957.0,84.9,,,,,,,,
2025-09-01,Morning Weight Training,WeightTraining,15656386119,,50.6,50.6,109.3,150.0,,,,0,,,,,,,,,,,
2025-09-02,Evening Run,Run,15674184402,6.03,29.6,29.6,175.9,198.0,4:54,12.24,17.28,0.0,,654.0,85.5,,,,,,,,
2025-09-03,Morning Weight Training,WeightTraining,15679510616,,64.1,64.1,116.3,157.0,,,,0,,,,,,,,,,,
2025-09-05,Morning Weight Training,WeightTraining,15702516548,,63.1,63.1,111.5,152.0,,,,0,,,,,,,,,,,
2025-09-07,Evening Run,Run,15732814684,14.03,81.4,81.7,170.3,183.0,5:48,10.34,18.72,6.0,,1522.0,84.4,,,,,,,,
2025-09-08,Evening Weight Training,WeightTraining,15743402858,,68.5,68.5,108.0,136.0,,,,0,,,,,,,,,,,
2025-09-09,Evening Weight Training,WeightTraining,15755629337,,81.6,81.6,106.1,140.0,,,,0,,,,,,,,,,,
2025-09-10,Evening Run,Run,15766226677,7.07,38.2,38.3,177.8,188.0,5:24,11.11,17.76,3.0,,798.0,84.9,,,,,,,,
2025-09-12,Morning Weight Training,WeightTraining,15782986633,,67.9,67.9,117.5,151.0,,,,0,,,,,,,,,,,
2025-09-15,Morning Weight Training,WeightTraining,15816262712,,66.2,66.2,107.1,143.0,,,,0,,,,,,,,,,,
2025-09-17,Morning Weight Training,WeightTraining,15841442587,,57.6,57.6,117.5,168.0,,,,0,,,,,,,,,,,
2025-09-19,Morning Weight Training,WeightTraining,15861856148,,48.2,48.2,113.2,146.0,,,,0,,,,,,,,,,,
2025-09-21,Morning Run,Run,15884505575,16.02,90.5,90.5,177.8,190.0,5:39,10.63,15.12,14.0,,1807.0,85.1,,,,,,,,
2025-09-22,Morning Weight Training,WeightTraining,15895637115,,72.1,72.1,104.6,145.0,,,,0,,,,,,,,,,,
2025-09-23,Evening Run,Run,15913056563,8.06,40.4,40.9,178.2,193.0,5:01,11.97,23.04,0.0,,876.0,85.7,,,,,,,,
2025-09-26,Morning Weight Training,WeightTraining,15939526525,,63.1,63.1,111.8,162.0,,,,0,,,,,,,,,,,
2025-09-28,Lunch Run,Run,15963413469,16.02,85.9,86.1,175.6,187.0,5:22,11.19,18.24,16.0,,1701.0,85.5,,,,,,,,
2025-09-29,Morning Weight Training,WeightTraining,15972322099,,68.5,68.5,102.7,147.0,,,,0,,,,,,,,,,,
2025-10-01,Morning Weight Training,WeightTraining,15995450332,,60.8,60.8,113.3,156.0,,,,0,,,,,,,,,,,
2025-10-02,Evening Run,Run,16012873191,7.77,39.9,41.7,177.5,189.0,5:08,11.68,30.96,59.0,,864.0,84.7,,,,,,,,
2025-10-03,Morning Weight Training,WeightTraining,16017101601,,53.0,53.0,115.8,148.0,,,,0,,,,,,,,,,,
2025-10-04,Vignemale - 3.298m,Hike,16054290156,23.39,457.5,1808.7,126.0,179.0,19:34,3.07,50.85,2752.0,,,49.4,,,,,,,,
2025-10-05,Afternoon Hike,Hike,16054447409,15.45,286.4,322.7,114.9,165.0,18:32,3.24,13.68,638.0,,,55.5,,,,,,,,
2025-10-08,Morning Weight Training,WeightTraining,16071256355,,56.2,56.2,108.3,157.0,,,,0,,,,,,,,,,,
2025-10-10,Evening Run,Run,16098561893,9.12,49.8,99.3,178.2,187.0,5:28,10.98,16.56,0.0,,,85.1,,,,,,,,
2025-10-15,Afternoon Weight Training,WeightTraining,16149392659,,64.5,64.5,110.7,144.0,,,,0,,,,,,,,,,,
2025-10-16,Evening Run,Run,16162881986,9.41,47.0,51.5,173.8,191.0,4:60,12.01,24.48,68.0,,1029.0,85.2,,,,,,,,
2025-10-17,Morning Weight Training,WeightTraining,16167069416,,66.8,66.8,111.4,150.0,,,,0,,,,,,,,,,,
2025-10-19,Lunch Run,Run,16190400271,16.03,88.8,89.6,178.9,189.0,5:32,10.83,17.28,18.0,,1842.0,85.3,,,,,,,,
2025-10-20,Morning Weight Training,WeightTraining,16263862042,,58.5,58.5,104.1,146.0,,,,0,,,,,,,,,,,
2025-10-22,Morning Weight Training,WeightTraining,16263863949,,47.6,47.6,113.1,144.0,,,,0,,,,,,,,,,,
2025-10-24,Morning Weight Training,WeightTraining,16263866533,,77.0,77.0,114.4,150.0,,,,0,,,,,,,,,,,
2025-10-26,Lunch Run,Run,16263874253,14.05,75.4,75.8,155.0,183.0,5:22,11.18,36.72,3.0,,1239.0,86.3,,,,,,,,
2025-10-27,Morning Weight Training,WeightTraining,16268742930,,63.2,63.2,102.0,153.0,,,,0,,,,,,,,,,,
2025-10-29,Morning Weight Training,WeightTraining,16289638665,,63.9,63.9,116.3,148.0,,,,0,,,,,,,,,,,
2025-10-31,Morning Weight Training,WeightTraining,16309223728,,62.5,62.5,114.2,145.0,,,,0,,,,,,,,,,,
2025-11-03,Evening Run,Run,16345058876,7.68,39.9,42.1,164.4,183.0,5:11,11.57,24.48,59.0,,776.0,86.4,,,,,,,,
2025-11-04,Afternoon Weight Training,WeightTraining,16352590190,,72.9,72.9,113.8,147.0,,,,0,,,,,,,,,,,
2025-11-06,Morning Weight Training,WeightTraining,16371062690,,82.8,82.8,109.3,155.0,,,,0,,,,,,,,,,,
2025-11-07,Afternoon Run,Run,16385499272,5.21,31.9,31.9,158.0,175.0,6:07,9.81,36.0,4.0,,544.0,84.5,,,,,,,,
2025-11-09,Lunch Run,Run,16404052073,20.19,104.2,104.2,181.3,195.0,5:10,11.63,25.92,210.0,,2190.0,87.1,,,,,,,,
2025-11-11,Morning Weight Training,WeightTraining,16421369344,,72.3,72.3,111.2,143.0,,,,0,,,,,,,,,,,
2025-11-12,Evening Ride,Ride,16439717240,,37.8,37.8,142.5,174.0,,,,0,,,,,,,,,,,
2025-11-13,Morning Weight Training,WeightTraining,16442965203,,68.5,68.5,123.9,151.0,,,,0,,,,,,,,,,,
2025-11-17,Morning Weight Training,WeightTraining,16517316594,,85.0,85.0,106.4,135.0,,,,0,,,,,,,,,,,
2025-11-19,Morning Weight Training,WeightTraining,16517319548,,59.4,59.4,117.3,150.0,,,,0,,,,,,,,,,,
2025-11-20,Morning Run,Run,16517321087,6.18,32.7,35.7,173.2,186.0,5:17,11.35,23.76,29.0,,704.0,87.0,,,,,,,,
2025-11-21,Afternoon Weight Training,WeightTraining,16528175425,,64.7,64.7,113.6,157.0,,,,0,,,,,,,,,,,
2025-11-23,Lunch Run,Run,16543233586,13.01,76.3,76.3,166.8,183.0,5:52,10.23,18.0,7.0,,1353.0,86.5,,,,,,,,
2025-11-24,Evening Weight Training,WeightTraining,16555931915,,95.0,95.0,106.8,152.0,,,,0,,,,,,,,,,,
2025-11-26,Morning Weight Training,WeightTraining,17013948851,,62.8,62.8,113.4,148.0,,,,0,,,,,,,,,,,
2025-11-28,Morning Weight Training,WeightTraining,17013952422,,72.1,72.1,114.7,163.0,,,,0,,,,,,,,,,,
2025-12-01,Morning Weight Training,WeightTraining,17013956027,,74.3,74.3,105.8,162.0,,,,0,,,,,,,,,,,
2025-12-08,Morning Run,Run,17013961580,6.11,33.1,35.1,165.5,188.0,5:26,11.06,23.04,78.0,,,85.8,,,,,,,,
2025-12-10,Evening Run,Run,17013962698,7.7,44.9,47.7,173.0,183.0,5:50,10.28,12.24,0,,1051.0,83.9,,,,,,,,
2025-12-11,Morning Weight Training,WeightTraining,17015027090,,72.5,72.5,110.0,147.0,,,,0,,,,,,,,,,,
2025-12-12,Morning Weight Training,WeightTraining,17015026234,,65.5,65.5,113.7,141.0,,,,0,,,,,,,,,,,
2025-12-21,Lunch Run,Run,17015024127,9.3,53.7,54.7,172.6,185.0,5:46,10.39,26.64,0.0,,1037.0,84.8,,,,,,,,
2025-12-24,Morning Weight Training,WeightTraining,17015270669,,63.1,63.1,120.9,154.0,,,,0,,,,,,,,,,,
2025-12-29,Lunch Weight Training,WeightTraining,17015024733,,73.1,73.1,113.7,148.0,,,,0,,,,,,,,,,,
2025-12-30,Lunch Run,Run,17014170333,9.37,57.2,57.7,174.5,195.0,6:06,9.83,19.44,9.0,,1141.0,84.2,,,,,,,,
2025-12-31,Lunch Weight Training,WeightTraining,17015269797,,91.1,91.1,113.0,157.0,,,,0,,,,,,,,,,,
2026-01-11,Lunch Run,Run,17015025942,8.06,49.3,49.4,172.5,185.0,6:07,9.81,26.64,3.0,,943.0,85.2,,,,,,,,
2026-01-12,Morning Weight Training,WeightTraining,17019728803,,48.1,48.1,115.0,143.0,,,,0,,,,,,,,,,,
2026-01-14,Morning Weight Training,WeightTraining,17043531365,,62.8,62.8,123.5,153.0,,,,0,,,,,,,,,,,
2026-01-16,Morning Weight Training,WeightTraining,17066560625,,37.7,37.7,121.4,167.0,,,,0,,,,,,,,,,,
2026-01-18,Día de valientes/retrasados,Run,17092283937,10.3,59.3,59.4,171.3,188.0,5:45,10.42,17.28,3.0,,,85.8,,,,,,,,
2026-01-19,Morning Weight Training,WeightTraining,17100642391,,52.2,52.2,114.7,142.0,,,,0,,,,,,,,,,,
2026-01-20,Evening Run,Run,17119297129,4.9,26.8,26.8,183.3,202.0,5:29,10.95,14.4,0,,614.0,85.5,,,,,,,,
2026-01-21,Morning Weight Training,WeightTraining,17124199081,,47.6,47.6,118.3,148.0,,,,0,,,,,,,,,,,
2026-01-25,Lunch Run,Run,17172527511,13.02,75.7,76.0,178.1,188.0,5:49,10.32,18.72,51.0,,1546.0,86.2,,,,,,,,
2026-01-26,Morning Weight Training,WeightTraining,17179625899,,44.9,44.9,108.5,155.0,,,,0,,,,,,,,,,,
2026-01-27,Evening Run,Run,17198670562,5.04,28.9,35.6,180.7,203.0,5:44,10.47,13.68,0,,775.0,76.7,,,,,,,,
2026-01-29,Morning Weight Training,WeightTraining,17213709646,,50.4,50.4,124.6,175.0,,,,0,,,,,,,,,,,
2026-02-01,Lunch Run,Run,17250354188,15.03,84.6,84.7,,,5:38,10.66,17.59,9.2,,0,,,,,,,,,
2026-02-02,Morning Weight Training,WeightTraining,17257282558,,57.5,57.5,110.5,152.0,,,,0,,,,,,,,,,,
2026-02-04,Morning Weight Training,WeightTraining,17314633537,,659.0,659.0,77.2,156.0,,,,0,,,,,,,,,,,
2026-02-08,Lunch Run,Run,17328738764,17.03,96.2,96.3,178.3,195.0,5:39,10.62,21.6,21.0,,2005.0,85.9,,,,,,,,
2026-02-09,Morning Weight Training,WeightTraining,17336279647,,55.8,55.8,115.2,169.0,,,,0,,,,,,,,,,,
2026-02-10,Evening Run,Run,17354724040,5.4,28.6,28.6,181.7,195.0,5:18,11.33,15.12,0,,621.0,85.9,,,,,,,,
2026-02-13,Morning Run,Run,17381508503,17.48,92.2,98.2,173.8,186.0,5:16,11.38,33.84,58.0,,1853.0,86.1,,,,,,,,
2026-02-17,Evening Run,Run,17432815360,6.33,32.6,32.6,183.6,198.0,5:09,11.65,15.84,0,,729.0,84.4,,,,,,,,
2026-02-18,Morning Weight Training,WeightTraining,17436335225,,93.8,93.8,110.7,169.0,,,,0,,,,,,,,,,,
2026-02-20,Morning Weight Training,WeightTraining,17477352982,,60.6,60.6,120.6,150.0,,,,0,,,,,,,,,,,
2026-02-22,Lunch Run,Run,17483846669,18.02,99.2,99.8,,,5:30,10.9,18.29,21.6,,0,,,,,,,,,
2026-02-24,Morning Weight Training,WeightTraining,17502343061,,60.1,60.1,110.6,144.0,,,,0,,,,,,,,,,,
2026-03-01,Morning Run,Run,17563713266,21.18,111.1,111.1,184.3,201.0,5:15,11.44,24.48,93.0,,2483.0,86.4,,,,,,,,
2026-03-03,Morning Weight Training,WeightTraining,17631732705,,48.7,48.7,111.8,157.0,,,,0,,,,,,,,,,,
2026-03-04,Evening Run,Run,17631733686,5.96,32.2,33.8,167.8,176.0,5:24,11.11,27.36,25.0,,621.0,85.5,,,,,,,,
2026-03-05,Morning Weight Training,WeightTraining,17631735340,,51.4,51.4,117.6,148.0,,,,0,,,,,,,,,,,
2026-03-06,Morning Weight Training,WeightTraining,17631736128,,55.9,55.9,124.1,174.0,,,,0,,,,,,,,,,,
2026-03-08,Morning Ride,Ride,17644935198,,46.8,46.8,156.8,187.0,,,,0,,,,,,,,,,,
2026-03-09,Morning Weight Training,WeightTraining,17657151456,,67.7,67.7,111.7,142.0,,,,0,,,,,,,,,,,
2026-03-10,Morning Weight Training,WeightTraining,17669570975,,52.0,52.0,123.0,150.0,,,,0,,,,,,,,,,,
2026-03-11,Evening Run,Run,17689688499,11.4,60.5,63.3,175.7,189.0,5:18,11.31,33.12,80.0,,1234.0,85.1,,,,,,,,
2026-03-15,Lunch Run,Run,17730772339,21.82,125.8,126.5,175.2,196.0,5:46,10.41,30.24,15.0,,2441.0,85.9,,,,,,,,
2026-03-18,Morning Weight Training,WeightTraining,17763311164,,69.0,69.0,108.6,148.0,,,,0,,,,,,,,,,,
2026-03-19,Morning Weight Training,WeightTraining,17776062283,,108.8,108.8,107.0,151.0,,,,0,,,,,,,,,,,
2026-03-22,Lunch Run,Run,17815717752,16.01,86.5,94.5,176.8,193.0,5:24,11.11,28.8,49.0,,1932.0,86.5,,,,,,,,
2026-03-23,Evening Weight Training,WeightTraining,17831500042,,37.7,37.7,112.8,164.0,,,,0,,,,,,,,,,,
2026-03-25,Morning Weight Training,WeightTraining,17850246024,,88.1,88.1,105.8,153.0,,,,0,,,,,,,,,,,
2026-03-29,Entrenant Z2 (first time😅),Run,17899617044,13.69,98.3,99.7,155.1,173.0,7:11,8.36,12.96,64.0,,1463.0,82.2,,,,,,,,
2026-03-30,Morning Weight Training,WeightTraining,17909305108,,142.7,142.7,105.5,165.0,,,,0,,872.0,,,,,,,,,
2026-03-31,Evening Run,Run,17928873903,7.87,50.7,51.4,154.6,172.0,6:26,9.32,22.32,60.0,,785.0,83.0,,,,,,,,
2026-04-03,Morning Run,Run,17958900175,4.11,30.6,30.6,157.6,191.0,7:27,8.05,15.12,0,,494.0,79.4,,,,,,,,
2026-04-04,Lunch Weight Training,WeightTraining,17973489899,,91.3,91.3,107.0,146.0,,,,0,,588.0,,,,,,,,,
2026-04-05,Afternoon Run,Run,17990850644,11.53,79.6,81.6,159.4,176.0,6:54,8.69,24.48,78.0,,1326.0,82.8,,,,,,,,